CompanyName,CompanyNumber,sample_group,SICCode.SicText_1,RegAddress.PostTown,RegAddress.PostCode,guessed_website
PHONIFY LTD,16182452,retail,47421 - Retail sale of mobile telephones,WATFORD,WD17 2BS,https://www.phonify.com
YUNHENG UK LIMITED,12757828,retail,47910 - Retail sale via mail order houses or via Internet,LONDON,SE7 7FS,https://www.yunheng.com
INTERNATIONAL SELLING ON LINE LTD,13855202,retail,47910 - Retail sale via mail order houses or via Internet,LEICESTER,LE5 2RL,
IK NUTRITION LTD,16567430,retail,47910 - Retail sale via mail order houses or via Internet,POOLE,BH16 6FA,
LRB LIMITED,01485413,retail,47610 - Retail sale of books in specialised stores,,WC1A 2HN,https://www.lrb.co.uk
CHRISTY-ANN LIMITED,11361008,retail,"47820 - Retail sale via stalls and markets of textiles, clothing and footwear",CAMBRIDGE,CB21 5HL,https://www.christyann.com
BANG BANG HERBAL LTD,16687780,retail,47750 - Retail sale of cosmetic and toilet articles in specialised stores,HAMPTON,TW12 2EG,https://www.bangbangherbal.com
KYRAGA LTD,16334959,retail,47910 - Retail sale via mail order houses or via Internet,LONDON,W1W 5PF,
MERCY SAMUELSON LIMITED,08955486,retail,47190 - Other retail sale in non-specialised stores,ALTRINCHAM,WA15 7JL,
NTNPLUS LTD,17224396,retail,47890 - Retail sale via stalls and markets of other goods,WAKEFIELD,WF2 9AN,https://www.ntnplus.com
LAFE THREAD LIMITED,16993613,retail,47890 - Retail sale via stalls and markets of other goods,KETTERING,NN16 8XP,
BEDS WEST END LIMITED,13265199,retail,47789 - Other retail sale of new goods in specialised stores (not commercial art galleries and opticians),HARROGATE,HG1 1NJ,
FRANK LEE & SON LIMITED,01577726,retail,47220 - Retail sale of meat and meat products in specialised stores,LEICESTER,LE1 7RU,
CEYLON PIQUANCY LTD,15240043,retail,47190 - Other retail sale in non-specialised stores,LONDON,SE9 3HZ,
8BITS1BYTE LIMITED,13038664,retail,"47410 - Retail sale of computers, peripheral units and software in specialised stores",OSWESTRY,SY11 4ND,
I&I TRADERS LTD.,16055849,retail,"47820 - Retail sale via stalls and markets of textiles, clothing and footwear",BRISTOL,BS9 3HA,
SHOP LOCALLY TELFORD LTD,11237600,retail,"47110 - Retail sale in non-specialised stores with food, beverages or tobacco predominating",TELFORD,TF4 2AH,
SEVERN STORAGE EQUIPMENT LIMITED,07295921,retail,47789 - Other retail sale of new goods in specialised stores (not commercial art galleries and opticians),STOURPORT ON SEVERN,DY13 0RY,
B KAVINA & CO LTD,14585414,retail,"47110 - Retail sale in non-specialised stores with food, beverages or tobacco predominating",DAGENHAM,RM10 7YA,
CUBE COLLECTABLES LTD,15887075,retail,47910 - Retail sale via mail order houses or via Internet,WARRINGTON,WA1 1EN,https://www.cubecollectables.com
DHANALAXMI LIMITED,13305055,retail,"47110 - Retail sale in non-specialised stores with food, beverages or tobacco predominating",ALDERSHOT,GU11 1JE,https://www.dhanalaxmi.com
ANGEL SHOULDER SERVICES LIMITED,10270397,retail,"47990 - Other retail sale not in stores, stalls or markets",COVENTRY,CV1 2EL,
SHRI TOYS LIMITED,16820743,retail,47650 - Retail sale of games and toys in specialised stores,WOKING,GU22 9BE,https://www.shritoys.com
J&I ELECTRONICS LIMITED,12828975,retail,47421 - Retail sale of mobile telephones,LONDON,SE18 6EF,
CUSACK LIMITED,16826472,retail,47910 - Retail sale via mail order houses or via Internet,DONCASTER,DN2 5HP,https://www.cusack.co.uk
SAIFDESIGNE LIMITED,15937711,retail,47910 - Retail sale via mail order houses or via Internet,LONDON,EC2A 4NA,
FLORIOLOGIE LIMITED,10323775,retail,47910 - Retail sale via mail order houses or via Internet,DONCASTER,DN10 4NS,
TUSCANY TILES & BATHROOMS LIMITED,NI059958,retail,"47520 - Retail sale of hardware, paints and glass in specialised stores",BALLYMENA,BT42 3AB,
SCENTZORA LTD,SC889381,retail,47910 - Retail sale via mail order houses or via Internet,GLENROTHES,KY7 5TD,https://www.scentzora.com
LOVE BEAUTIFUL LIVERPOOL LTD,16356119,retail,"47990 - Other retail sale not in stores, stalls or markets",WALLASEY,CH45 5EU,
BMEX LIMITED,03979288,retail,47190 - Other retail sale in non-specialised stores,WITNEY,OX28 4XZ,
DRAGO ENTERPRISES LTD,09894033,retail,"47990 - Other retail sale not in stores, stalls or markets",LONDON,W12 9BH,https://www.dragoenterprises.com
M J VISUAL SYSTEMS LIMITED,03047285,retail,"47990 - Other retail sale not in stores, stalls or markets",CHICHESTER,PO19 8DJ,
FRAME & FLUFF CO LTD,14846046,retail,47910 - Retail sale via mail order houses or via Internet,BURY ST. EDMUNDS,IP28 7DE,
NI GATEWAY LOGISTICS LTD,NI742065,retail,47910 - Retail sale via mail order houses or via Internet,BELFAST,BT16 2YJ,https://www.nigatewaylogistics.co.uk
EUSEBIO SPORT UK LIMITED,17183892,retail,"47640 - Retail sale of sports goods, fishing gear, camping goods, boats and bicycles",HOVE,BN3 3YL,https://www.eusebiosport.co.uk
INDOMPTABLES LTD,16153030,retail,47910 - Retail sale via mail order houses or via Internet,LONDON,N22 8HH,
HOME DESIGN DIRECT LTD,09382258,retail,"47530 - Retail sale of carpets, rugs, wall and floor coverings in specialised stores",STOCKTON,WR6 6UN,https://www.homedesigndirect.com
MAAKK LTD,SC821042,retail,47910 - Retail sale via mail order houses or via Internet,GLASGOW,G42 8RR,https://www.maakk.com
TRADETRENDZ LIMITED,15127711,retail,47910 - Retail sale via mail order houses or via Internet,LONDON,EC3V 9BQ,https://www.tradetrendz.com
ALL STEEL FOR BUILDING LIMITED,12034819,manufacturing,25110 - Manufacture of metal structures and parts of structures,EXETER,EX2 5WS,https://www.allsteelforbuilding.com
DANIELS BAGEL BAKERY LTD,05527679,manufacturing,10710 - Manufacture of bread; manufacture of fresh pastry goods and cakes,,NW6 4PJ,
G.P.R. LIMITED,01809243,manufacturing,25620 - Machining,CAMBERLEY,GU15 2QW,
VERDE TEXTILES LTD,12412579,manufacturing,13300 - Finishing of textiles,KEIGHLEY,BD20 9EB,
SANDHUTTON BIOFUEL PLANT LIMITED,16253542,manufacturing,20110 - Manufacture of industrial gases,LONDON,EC4A 3AQ,
PREKA DIGITAL LTD,SC640111,manufacturing,10832 - Production of coffee and coffee substitutes,GLASGOW,G42 8AT,
VALLANCE TAILORS LTD,12337933,manufacturing,13200 - Weaving of textiles,LONDON,E1 4UN,
ACFORD DESIGN SERVICES LIMITED,02755070,manufacturing,25620 - Machining,COVENTRY,CV7 7PS,
ST MARY'S BREWERY LTD,10062623,manufacturing,11050 - Manufacture of beer,LONDON,NW3 3SA,
PRINT CRAZE LTD,11776294,manufacturing,14190 - Manufacture of other wearing apparel and accessories n.e.c.,BIRMINGHAM,B30 3PH,https://www.printcraze.com
HANDMADE ROSETTES LIMITED,09069953,manufacturing,13300 - Finishing of textiles,HULL,HU7 3GZ,
SNOWBIRD FOODS LIMITED,08257747,manufacturing,10110 - Processing and preserving of meat,ENFIELD,EN3 4TD,https://www.snowbirdfoods.co.uk
M'S BAKERY LTD,09471483,manufacturing,10710 - Manufacture of bread; manufacture of fresh pastry goods and cakes,BOURNEMOUTH,BH7 6AP,https://www.msbakery.co.uk
ALLEGRO FOODSERVICE LTD,14483697,manufacturing,10520 - Manufacture of ice cream,LONDON,NW1 5RA,
LADY B'S SAUCES LIMITED,16397115,manufacturing,10840 - Manufacture of condiments and seasonings,HORNCHURCH,RM12 5QJ,
THE CREATIVE STEEL COMPANY LIMITED,16799818,manufacturing,25990 - Manufacture of other fabricated metal products n.e.c.,LONDON,W3 6PQ,
OXFORD FILTRATION LIMITED,04058606,manufacturing,28290 - Manufacture of other general-purpose machinery n.e.c.,BRACKNELL,RG12 1RP,
WVA LIMITED,12804017,manufacturing,20420 - Manufacture of perfumes and toilet preparations,READING,RG10 0TA,https://www.wva.com
NENETTE CHOCOLATES LTD,17110963,manufacturing,10821 - Manufacture of cocoa and chocolate confectionery,LUTTERWORTH,LE17 6EX,https://www.nenettechocolates.co.uk
AONE PANNU LIMITED,16949568,manufacturing,"20301 - Manufacture of paints, varnishes and similar coatings, mastics and sealants",LONDON,EC2A 4NE,
AAD FABRICATION LTD,SC543119,manufacturing,25990 - Manufacture of other fabricated metal products n.e.c.,INVERURIE,AB51 0YQ,
DUNBAR DRINKS COMPANY LIMITED,SC479332,manufacturing,"11010 - Distilling, rectifying and blending of spirits",DUNBAR,EH42 1LW,
CONCEPT PATISSERIE LIMITED,11511192,manufacturing,10520 - Manufacture of ice cream,PINNER,HA5 5AF,
SPOONDAE LIMITED,16911299,manufacturing,10890 - Manufacture of other food products n.e.c.,SOLIHULL,B91 1NR,
"MANSFIELD, POLLARD & CO. LIMITED",00135633,manufacturing,28250 - Manufacture of non-domestic cooling and ventilation equipment,BRADFORD,BD4 9NU,https://www.mansfieldpollard.co.uk
JIGSAW BAKERY LTD,08192449,manufacturing,10710 - Manufacture of bread; manufacture of fresh pastry goods and cakes,LINTON,CB21 4JT,
NUTRINESTS LTD,16237964,manufacturing,10890 - Manufacture of other food products n.e.c.,TAUNTON,TA1 2NL,https://www.nutrinests.com
MOSSBURN DISTILLERS LIMITED,SC456414,manufacturing,"11010 - Distilling, rectifying and blending of spirits",JEDBURGH,TD8 6PJ,https://www.mossburndistillers.com
BLUE SKIES INTERNATIONAL LIMITED,14880534,manufacturing,10390 - Other processing and preserving of fruit and vegetables,NORTHAMPTON,NN6 9AA,
NEVERSAYDIE LIQUOR LIMITED,12182387,manufacturing,"11010 - Distilling, rectifying and blending of spirits",BRISTOL,BS1 6FL,
SPARKLES CAKES AND WEDDING ACCESSORIES LIMITED,05584429,manufacturing,10710 - Manufacture of bread; manufacture of fresh pastry goods and cakes,LANCASHIRE,M40 3NL,
EASTWOOD & SHARPLES LIMITED,00472336,manufacturing,10520 - Manufacture of ice cream,WIRRAL,CH64 6SA,
TRANSMIT CONTAINERS LIMITED,01861648,manufacturing,"25290 - Manufacture of other tanks, reservoirs and containers of metal",GREAT YARMOUTH,NR31 7RU,https://www.transmitcontainers.co.uk
MILANO TEXTILES LTD,13463037,manufacturing,13921 - Manufacture of soft furnishings,BRADFORD,BD9 5DD,
VICTORIA BEDWELL DESIGNS LTD,07107775,manufacturing,14190 - Manufacture of other wearing apparel and accessories n.e.c.,LONDON,W1K 5QE,
SMITH BULLOUGH LIMITED,04421461,manufacturing,25940 - Manufacture of fasteners and screw machine products,WIGAN,WN2 4AT,
THE HAMMERMAN EQUIPMENT PLASTIC PILING COMPANY LIMITED,04875224,manufacturing,28990 - Manufacture of other special-purpose machinery n.e.c.,BURNTWOOD,WS7 3FS,
KEEPER & COMB LIMITED,17118734,manufacturing,20420 - Manufacture of perfumes and toilet preparations,LONDON,EC1V 2NX,
SURREY BLIND & CURTAIN CO. LIMITED(THE),01287437,manufacturing,13921 - Manufacture of soft furnishings,CROYDON,CR0 9UG,
ML OFFICIAL LIMITED,10948434,manufacturing,14190 - Manufacture of other wearing apparel and accessories n.e.c.,LONDON,E17 8JH,https://www.mlofficial.com
YAMAL LTD,16219402,professional_b2b,62030 - Computer facilities management activities,DONCASTER,DN1 2LQ,https://www.yamal.co.uk
ASAIM LTD,16140163,professional_b2b,70100 - Activities of head offices,LONDON,WC2H 9JQ,https://www.asaim.com
KYTTO LTD,16731288,professional_b2b,70229 - Management consultancy activities other than financial management,CATERHAM,CR3 6HG,
FLOWTICO LTD,14988793,professional_b2b,62012 - Business and domestic software development,BRIGHTON,BN1 1NH,https://www.flowtico.com
GREY STATE ADVISORS LIMITED,17135004,professional_b2b,62020 - Information technology consultancy activities,HARPENDEN,AL5 3PR,https://www.greystateadvisors.com
OQTAVE FLY INNOVATION LTD,14924940,professional_b2b,62012 - Business and domestic software development,CAMBRIDGE,CB4 3AX,
PURPLE PRINCE MEDIA LTD,10633525,professional_b2b,62012 - Business and domestic software development,NEWPORT,TF10 7TG,
TOPTRADESPREMIER LTD,16878201,professional_b2b,62090 - Other information technology service activities,LONDON,E16 1ND,
LEWIS FINANCIAL CONSULTING LTD,17172988,professional_b2b,70229 - Management consultancy activities other than financial management,SOLIHULL,B93 9PA,https://www.lewisfinancialconsulting.com
DAN TAGOE LTD,10306440,professional_b2b,73110 - Advertising agencies,MARGATE,CT9 2NS,
SAFARI TECHNOLOGY LTD,11201178,professional_b2b,62090 - Other information technology service activities,MILTON KEYNES,MK9 2HR,
CGT CONSULTING GROUP LTD,16982707,professional_b2b,70229 - Management consultancy activities other than financial management,SMETHWICK,B67 6NH,https://www.cgtconsulting.co.uk
SMILING LTD,16140585,professional_b2b,62020 - Information technology consultancy activities,LEIGH-ON-SEA,SS9 2AF,https://www.smiling.co.uk
PLUSGENIE LIMITED,08228924,professional_b2b,62020 - Information technology consultancy activities,CAMBRIDGE,CB4 3LA,
SHETLAND WOOL WEEK LIMITED,08960947,professional_b2b,70210 - Public relations and communications activities,HARROGATE,HG1 1ND,https://www.shetlandwoolweek.com
LAUNCHBOARD ANALYTICS LTD,16632077,professional_b2b,62012 - Business and domestic software development,LONDON,WC2H 9JQ,
AVO INVENTS LIMITED,09860277,professional_b2b,74100 - specialised design activities,NOTTINGHAM,NG9 1HD,https://www.avoinvents.co.uk
INFRASPACE LTD,14581638,professional_b2b,62090 - Other information technology service activities,BRIDGWATER,TA6 6ZL,https://www.infraspace.co.uk
EVALITY LTD,08314356,professional_b2b,70229 - Management consultancy activities other than financial management,BEWDLEY,DY12 2DX,
DARKINI COMPUTER SERVICES LIMITED,02977649,professional_b2b,63990 - Other information service activities n.e.c.,SHIPLEY,BD17 5NW,
NEILHIGHLEY.COM LTD,04878450,professional_b2b,62012 - Business and domestic software development,LONDON,EC2A 4NE,
COPIA ENERGY LTD,16505839,professional_b2b,62012 - Business and domestic software development,LONDON,SE1 7PB,https://www.copiaenergy.co.uk
BREITECH UK LIMITED,12025678,professional_b2b,62020 - Information technology consultancy activities,LONDON,N3 2SZ,
DT SOURCE CONSTRUCTION LTD,11642654,professional_b2b,70229 - Management consultancy activities other than financial management,EPSOM,KT18 7RL,
PROJEXIA LIMITED,12522823,professional_b2b,62090 - Other information technology service activities,DONCASTER,DN9 3QZ,
THE TAN PLAN LTD,15585244,professional_b2b,62090 - Other information technology service activities,BARNSLEY,S75 3LS,https://www.thetanplan.com
LYVE WYRE GROUP LIMITED,13966596,professional_b2b,62012 - Business and domestic software development,BERKHAMSTED,HP4 1ND,
BUMBLE CONSULTANCY LIMITED,12207826,professional_b2b,"74909 - Other professional, scientific and technical activities n.e.c.",BLACKBURN,BB1 7ED,
GROWTH IQ GROUP LTD,08684840,professional_b2b,70229 - Management consultancy activities other than financial management,LONDON,W1W 5PF,https://www.growthiq.com
MYRIAD GROUP TECHNOLOGIES LTD,05195808,professional_b2b,62012 - Business and domestic software development,LONDON,EC2R 7BH,
KANIGHT LTD,16544520,professional_b2b,70229 - Management consultancy activities other than financial management,LONDON,EC2A 4NE,
JGGJ LIMITED,14359699,professional_b2b,62020 - Information technology consultancy activities,BUCKINGHAMSHIRE,HP7 9BU,https://www.jggj.com
J.G.B UNISEX SALOON LTD,13022561,professional_b2b,62020 - Information technology consultancy activities,LONDON,E15 3EU,
BRMSTE LTD,15310393,professional_b2b,62012 - Business and domestic software development,BASINGSTOKE,RG22 4DQ,
HIGHTOWN CONSULTING LIMITED,10417674,professional_b2b,62020 - Information technology consultancy activities,LONDON,W5 5AW,
MARKELY SERVICES LIMITED,16602391,professional_b2b,62012 - Business and domestic software development,IPSWICH,IP1 1RJ,
IMMERSIVE INDUSTRY EXPERIENCES LIMITED,15549857,professional_b2b,62020 - Information technology consultancy activities,GUILDFORD,GU1 3UW,https://www.immersiveindustryexperiences.com
KK PRIME STOCK LTD,17229992,professional_b2b,74901 - Environmental consulting activities,MANSFIELD,NG18 2NQ,
BLAST47 LTD,14538681,professional_b2b,62012 - Business and domestic software development,BEVERLEY,HU17 0LF,https://www.blast47.co.uk
CASA TRE ARCHI LIMITED,08798876,professional_b2b,74990 - Non-trading company,COSSINGTON,LE7 4UZ,
HOLLIS AND HENLEY LTD,10992814,construction,41100 - Development of building projects,NOTTINGHAM,NG2 6FR,
LG RAIL MANAGEMENT & CONSULTANCY LTD,16616588,construction,43999 - Other specialised construction activities n.e.c.,GOSPORT,PO12 2LR,
PUNJAB ROOFING LIMITED,15750219,construction,41201 - Construction of commercial buildings,SOUTHALL,UB1 2BS,
BAUER RENEWABLES LIMITED,02198380,construction,41201 - Construction of commercial buildings,BISHOPS STORTFORD,CM23 3AR,
JABPD LIMITED,11222909,construction,41100 - Development of building projects,FAVERSHAM,ME13 8AF,
ACG PROPERTY SCOTLAND LTD,SC764199,construction,43999 - Other specialised construction activities n.e.c.,GLASGOW,G68 0LL,
PHANTOM CONSTRUCTION UK LIMITED,12890860,construction,43999 - Other specialised construction activities n.e.c.,COLNE,BB8 9DG,https://www.phantomconstruction.co.uk
RRK ELECTRICAL LTD,SC874403,construction,43210 - Electrical installation,INVERNESS,IV2 7PX,
P & E CONTRACTS LTD,NI658755,construction,43320 - Joinery installation,NEWRY,BT34 2DF,
LILYASH LIMITED,NI640303,construction,43910 - Roofing activities,BALLYMENA,BT42 4QE,https://www.lilyash.com
BY INDUSTRIAL SERVICES LTD,16802285,construction,43999 - Other specialised construction activities n.e.c.,HARTLEPOOL,TS25 3LG,
BAY 7 ENGINEERING LIMITED,14260948,construction,42990 - Construction of other civil engineering projects n.e.c.,MANCHESTER,M44 6AE,
D E C MASONRY LIMITED,10673091,construction,43999 - Other specialised construction activities n.e.c.,SELBY,YO8 6PS,
ELECTROZONE LTD,09034866,construction,43210 - Electrical installation,LOUGHTON,IG10 1TJ,https://www.electrozone.com
HAGUE HOLDINGS LTD,12482478,construction,41100 - Development of building projects,DEVIZES,SN10 5QF,
LANCASTER ENVIRONMENTAL LIMITED,13493404,construction,43120 - Site preparation,NEWCASTLE,NE1 1JF,https://www.lancasterenvironmental.co.uk
A.STONE BRICKWORK LTD,13790557,construction,41202 - Construction of domestic buildings,TUNBRIDGE WELLS,TN3 8EJ,
MONTGOMERY PROPERTY SERVICES LTD,15948400,construction,43390 - Other building completion and finishing,LLANDUDNO,LL30 1HE,
LANKIRK DEVELOPMENTS LTD,15545528,construction,41100 - Development of building projects,DURSLEY,GL11 5NU,
MARCO CONSTRUCT LTD,14644347,construction,41202 - Construction of domestic buildings,NOTTINGHAM,NG7 5ND,
JHD ELECTRICAL LTD,16371242,construction,43210 - Electrical installation,NEWENT,GL18 1HF,https://www.jhdelectrical.com
NWTF TRADING LIMITED,08912397,construction,41201 - Construction of commercial buildings,CHELMSFORD,CM1 3WT,
THE FORGE SITE SERVICES LIMITED,15894097,construction,43390 - Other building completion and finishing,LOUGHTON,IG10 3TS,
FORAN CONSTRUCTION LTD,07798119,construction,41201 - Construction of commercial buildings,BRENTFORD,TW8 9EW,https://www.foranconstruction.co.uk
EMYSAM LTD,09766491,construction,42120 - Construction of railways and underground railways,STEVENAGE,SG1 4LP,
LANARK PROPERTY MAINTENANCE LIMITED,SC521945,construction,43390 - Other building completion and finishing,LANARK,ML11 7SX,
MR.UK ELECTRICAL LTD,11171527,construction,43210 - Electrical installation,LONDON,NW4 3UG,
EMERSON MECHANICAL SOLUTIONS LTD,06189313,construction,43999 - Other specialised construction activities n.e.c.,LEEDS,LS4 2TY,
ML PLASTERING & RENDERING LTD,17093485,construction,43310 - Plastering,PORTSMOUTH,PO2 9ET,
GLASGOW ALUMINIUM SHOP FRONTS LTD,SC775869,construction,43999 - Other specialised construction activities n.e.c.,GLASGOW,G40 4JR,
VELVET CARPET LTD,16930591,construction,43330 - Floor and wall covering,BRACKNELL,RG12 7EU,
QUICKCALL GAS LIMITED,04899547,construction,"43220 - Plumbing, heat and air-conditioning installation",NUNEATON,CV11 6WF,
ENERGY PIG LIMITED,SC558150,construction,"43220 - Plumbing, heat and air-conditioning installation",GLASGOW,G75 0RD,https://www.energypig.com
OTTO&BEK LTD,13245061,construction,41201 - Construction of commercial buildings,WEST MALLING,ME19 4AE,
OPTIMUM CONTROLS SERVICES LIMITED,02768862,construction,43210 - Electrical installation,IPSWICH,IP6 0AW,https://www.optimumcontrolsservices.co.uk
J & S HALL LIMITED,14111899,construction,41202 - Construction of domestic buildings,LONDON,N3 2DB,https://www.jshall.com
TALION DEVELOPMENTS LIMITED,11064499,construction,41100 - Development of building projects,COCKFOSTERS,EN4 9HN,
SOS DECORATORS SW LTD,16756877,construction,43341 - Painting,PLYMOUTH,PL6 5DS,
ENERGY GREEN INSULATION LIMITED,11609929,construction,43999 - Other specialised construction activities n.e.c.,LUTON,LU4 0NR,
TNR (MIDLANDS) LTD,07390262,construction,42990 - Construction of other civil engineering projects n.e.c.,WALSALL,WS6 6AP,
RED LANTERN HAPPY HOUSE LTD,14724874,hospitality,56103 - Take-away food shops and mobile food stands,LINCOLN,LN2 5JP,
THE BAVARIAN LIMITED,16466342,hospitality,56302 - Public houses and bars,MANCHESTER,M4 2BS,
LITTLE RED ROSE PLAY HIRE LTD,16949732,hospitality,56210 - Event catering activities,PRESTON,PR2 1UW,
CHIP AHOY PADSTOW LIMITED,10761277,hospitality,56103 - Take-away food shops and mobile food stands,PADSTOW,PL28 8BS,
STAY BLACKPOOL ROOMS LIMITED,11454907,hospitality,55100 - Hotels and similar accommodation,BRADFORD,BD1 5LL,
SME COFFEE (4) LIMITED,09014930,hospitality,56102 - Unlicensed restaurants and cafes,RUISLIP,HA4 6SE,
CMFD LTD,SC824853,hospitality,56103 - Take-away food shops and mobile food stands,ROSYTH,KY11 2RD,
CHRIS HUGHES FOODS LTD,NI669448,hospitality,56103 - Take-away food shops and mobile food stands,BALLYGAWLEY,BT70 2HB,
AYDINOGULLARI LIMITED,10249418,hospitality,56102 - Unlicensed restaurants and cafes,ERITH,DA18 4HW,
VICARAGE BOUTIQUE HOTEL LTD,07170644,hospitality,55100 - Hotels and similar accommodation,SOUTHWELL,NG25 0NB,https://www.vicarageboutiquehotel.co.uk
BC1 URMSTON LTD,16778304,hospitality,56101 - Licensed restaurants,IRLAM,M44 5XD,
CANNY COD NCL LTD,16746182,hospitality,56103 - Take-away food shops and mobile food stands,NEWCASTLE UPON TYNE,NE2 4AT,
MAGNA WORLD LTD,SC508097,hospitality,55100 - Hotels and similar accommodation,TILLICOULTRY,FK13 6AA,https://www.magnaworld.com
WHITEGATES MANAGEMENT LIMITED,02198155,hospitality,55900 - Other accommodation,EASTBOURNE,BN22 8UG,
SALUT WINES LTD,07256419,hospitality,56302 - Public houses and bars,MANCHESTER,M2 2FW,https://www.salutwines.com
CWRW LON CAE GLAS CYF,16480502,hospitality,56101 - Licensed restaurants,ST. ASAPH,LL17 0JA,
LUIGI’S PIZZA & KABAB LIMITED,17114537,hospitality,56103 - Take-away food shops and mobile food stands,MANCHESTER,M19 1NA,
CHAIGUYCO LTD,14656047,hospitality,56102 - Unlicensed restaurants and cafes,BRISTOL,BS8 2AG,
JAYNE COLES LIMITED,12183242,hospitality,56302 - Public houses and bars,FARNHAM,GU9 9JS,
GRAB N GO LDN LTD,16884126,hospitality,56290 - Other food services,LONDON,N1 7GU,
MIRCH MASALA WATERLOO LTD,15737085,hospitality,56103 - Take-away food shops and mobile food stands,LIVERPOOL,L22 7RF,
THE GLENBUCK HOLDINGS LTD,14091552,hospitality,56302 - Public houses and bars,LIVERPOOL,L15 5AN,
RETFORD CRAFT HOUSE LIMITED,16266602,hospitality,56302 - Public houses and bars,RETFORD,DN22 7HB,https://www.retfordcrafthouse.com
AMEA LEISURE LIMITED,15440228,hospitality,56302 - Public houses and bars,STONE,ST15 0PX,
BUY DIRECT ONLINE UK LTD,NI625657,hospitality,56302 - Public houses and bars,LISBURN,BT28 1AE,
ZAREEN TANDOORI LTD,15177125,hospitality,56103 - Take-away food shops and mobile food stands,NEWCASTLE UPON TYNE,NE4 8TP,
RACK EM UP LTD,11347300,hospitality,56102 - Unlicensed restaurants and cafes,BURNLEY,BB10 1LN,https://www.rackemup.co.uk
ACHAR FUSION LIMITED,16406184,hospitality,56103 - Take-away food shops and mobile food stands,BIRMINGHAM,B43 6DS,
DAWN BREAK GUEST HOUSE LIMITED,SC468635,hospitality,55900 - Other accommodation,GLASGOW,G2 5JF,https://www.dawnbreakguesthouse.com
LUNIVO PROPERTY LTD,17045174,hospitality,55209 - Other holiday and other collective accommodation,WELLING,DA16 3HE,https://www.lunivoproperty.co.uk
AL DRINKS LTD,16653056,hospitality,56302 - Public houses and bars,LEEDS,LS7 3QY,
E YOU LIMITED,15247669,hospitality,56103 - Take-away food shops and mobile food stands,WIGAN,WN5 8TG,https://www.eyou.co.uk
TAY FISH & CHIPS LTD,SC875420,hospitality,56103 - Take-away food shops and mobile food stands,TAYPORT,DD6 9AH,
KINGFISHER RESORTS MEUDON LIMITED,12891298,hospitality,55100 - Hotels and similar accommodation,LONDON,WC2A 1DT,
DJ SANTOS LTD,17092277,hospitality,56101 - Licensed restaurants,WANDSWORTH,SW17 0ND,https://www.djsantos.com
WEE TAIT LIMITED,SC641811,hospitality,56210 - Event catering activities,GLASGOW,G51 2YU,
JKD FOODS LIMITED,11029362,hospitality,56210 - Event catering activities,EASTBOURNE,BN22 8PW,https://www.jkdfoods.com
SALISBURY`S FISH & CHIPS LIMITED,05737900,hospitality,56103 - Take-away food shops and mobile food stands,WESTERHAM,TN16 3JR,
EFES PIZZA & PASTA LTD,12143667,hospitality,56103 - Take-away food shops and mobile food stands,NOTTINGHAM,NG6 0FB,
GOUT DELISH LTD,16976965,hospitality,56103 - Take-away food shops and mobile food stands,CAERDYDD,CF24 1QF,
